cap,gain,delay,lag,angle,rate,walking,glitch,atBodyStop,maxLag,settleAfterStop,finalWorldError,targetLost,peakCommand
0.15,1.00,0.30,0.25,-90,10,False,False,-71.0,19.0,4.58,-1.48,False,0.173
0.15,1.00,0.30,0.25,-90,10,True,False,-71.0,19.0,4.58,-1.48,False,0.173
0.15,1.00,0.30,0.25,90,10,False,False,71.0,19.0,4.58,1.49,False,0.173
0.15,1.00,0.30,0.25,90,10,True,False,71.0,19.0,4.58,1.49,False,0.173
0.15,1.00,0.30,0.25,-90,30,False,False,-41.1,48.9,7.80,-1.48,False,0.293
0.15,1.00,0.30,0.25,-90,30,True,False,-41.1,48.9,7.80,-1.48,False,0.293
0.15,1.00,0.30,0.25,90,30,False,False,41.1,48.9,7.80,1.48,False,0.293
0.15,1.00,0.30,0.25,90,30,True,False,41.1,48.9,7.80,1.48,False,0.293
0.15,1.00,0.30,0.25,-90,90,False,False,-22.3,67.7,9.10,-1.48,False,0.650
0.15,1.00,0.30,0.25,-90,90,True,False,-22.3,67.7,9.10,-1.48,False,0.650
0.15,1.00,0.30,0.25,90,90,False,False,22.3,67.7,9.10,1.48,False,0.650
0.15,1.00,0.30,0.25,90,90,True,False,22.3,67.7,9.10,1.48,False,0.650
0.15,1.00,0.30,0.25,-90,180,False,False,-8.1,81.9,10.62,-1.48,False,0.650
0.15,1.00,0.30,0.25,-90,180,True,False,-8.1,81.9,10.62,-1.48,False,0.650
0.15,1.00,0.30,0.25,90,180,False,False,8.1,81.9,10.62,1.48,False,0.650
0.15,1.00,0.30,0.25,90,180,True,False,8.1,81.9,10.62,1.48,False,0.650
0.15,1.00,0.30,0.25,-180,10,False,False,-160.7,19.3,4.62,-1.48,False,0.174
0.15,1.00,0.30,0.25,-180,10,True,False,-160.7,19.3,4.64,-1.46,False,0.174
0.15,1.00,0.30,0.25,180,10,False,False,160.7,19.3,4.62,1.49,False,0.174
0.15,1.00,0.30,0.25,180,10,True,False,160.7,19.3,4.62,1.49,False,0.174
0.15,1.00,0.30,0.25,-180,30,False,False,-91.4,88.6,12.42,-1.47,False,0.293
0.15,1.00,0.30,0.25,-180,30,True,False,-91.4,88.6,12.42,-1.47,False,0.293
0.15,1.00,0.30,0.25,180,30,False,False,91.4,88.6,12.42,1.48,False,0.293
0.15,1.00,0.30,0.25,180,30,True,False,91.4,88.6,12.42,1.48,False,0.293
0.15,1.00,0.30,0.25,-180,90,False,False,-59.1,120.9,15.24,-1.48,False,0.650
0.15,1.00,0.30,0.25,-180,90,True,False,-59.1,120.9,15.24,-1.48,False,0.650
0.15,1.00,0.30,0.25,180,90,False,False,59.1,120.9,15.24,1.48,False,0.650
0.15,1.00,0.30,0.25,180,90,True,False,59.1,120.9,15.24,1.48,False,0.650
0.15,1.00,0.30,0.25,-180,180,False,False,-25.2,154.8,18.92,-1.48,False,0.650
0.15,1.00,0.30,0.25,-180,180,True,False,-25.2,154.8,18.92,-1.48,False,0.650
0.15,1.00,0.30,0.25,180,180,False,False,25.2,154.8,18.92,1.49,False,0.650
0.15,1.00,0.30,0.25,180,180,True,False,25.2,154.8,18.92,1.49,False,0.650
0.15,1.00,0.30,0.25,-360,10,False,False,-339.9,20.1,4.72,-1.47,False,0.174
0.15,1.00,0.30,0.25,-360,10,True,False,-339.9,20.1,4.72,-1.47,False,0.174
0.15,1.00,0.30,0.25,360,10,False,False,339.9,20.1,4.72,1.48,False,0.174
0.15,1.00,0.30,0.25,360,10,True,False,339.9,20.1,4.72,1.48,False,0.174
0.15,1.00,0.30,0.25,-360,30,False,False,-192.1,167.9,21.64,-1.48,False,0.293
0.15,1.00,0.30,0.25,-360,30,True,False,-192.1,167.9,21.64,-1.48,False,0.293
0.15,1.00,0.30,0.25,360,30,False,False,192.1,167.9,21.64,1.49,False,0.293
0.15,1.00,0.30,0.25,360,30,True,False,192.1,167.9,21.64,1.49,False,0.293
0.15,1.00,0.30,0.25,-360,90,False,False,-133.6,226.4,27.52,-1.47,False,0.650
0.15,1.00,0.30,0.25,-360,90,True,False,-133.6,226.4,27.52,-1.47,False,0.650
0.15,1.00,0.30,0.25,360,90,False,False,133.6,226.4,27.52,1.48,False,0.650
0.15,1.00,0.30,0.25,360,90,True,False,133.6,226.4,27.52,1.48,False,0.650
0.15,1.00,0.30,0.25,-360,180,False,False,-62.3,297.7,35.54,-1.46,False,0.650
0.15,1.00,0.30,0.25,-360,180,True,False,-62.3,297.7,35.54,-1.46,False,0.650
0.15,1.00,0.30,0.25,360,180,False,False,62.3,297.7,35.54,1.47,False,0.650
0.15,1.00,0.30,0.25,360,180,True,False,62.3,297.7,35.54,1.48,False,0.650
0.15,0.65,0.30,0.25,-90,10,False,False,-48.9,41.1,11.54,-1.69,False,0.174
0.15,0.65,0.30,0.25,-90,10,True,False,-48.9,41.1,11.54,-1.69,False,0.174
0.15,0.65,0.30,0.25,90,10,False,False,48.9,41.1,11.54,1.69,False,0.174
0.15,0.65,0.30,0.25,90,10,True,False,48.9,41.1,11.54,1.69,False,0.174
0.15,0.65,0.30,0.25,-90,30,False,False,-26.7,63.3,15.22,-1.69,False,0.293
0.15,0.65,0.30,0.25,-90,30,True,False,-26.7,63.3,15.22,-1.69,False,0.293
0.15,0.65,0.30,0.25,90,30,False,False,26.7,63.3,15.22,1.69,False,0.293
0.15,0.65,0.30,0.25,90,30,True,False,26.7,63.3,15.22,1.69,False,0.293
0.15,0.65,0.30,0.25,-90,90,False,False,-14.5,75.5,16.52,-1.70,False,0.650
0.15,0.65,0.30,0.25,-90,90,True,False,-14.5,75.5,16.52,-1.70,False,0.650
0.15,0.65,0.30,0.25,90,90,False,False,14.5,75.5,16.52,1.70,False,0.650
0.15,0.65,0.30,0.25,90,90,True,False,14.5,75.5,16.52,1.70,False,0.650
0.15,0.65,0.30,0.25,-90,180,False,False,-5.3,84.7,18.04,-1.69,False,0.650
0.15,0.65,0.30,0.25,-90,180,True,False,-5.3,84.7,18.04,-1.69,False,0.650
0.15,0.65,0.30,0.25,90,180,False,False,5.3,84.7,18.04,1.69,False,0.650
0.15,0.65,0.30,0.25,90,180,True,False,5.3,84.7,18.04,1.69,False,0.650
0.15,0.65,0.30,0.25,-180,10,False,False,-107.2,72.8,17.22,-1.69,False,0.174
0.15,0.65,0.30,0.25,-180,10,True,False,-107.2,72.8,17.22,-1.68,False,0.174
0.15,0.65,0.30,0.25,180,10,False,False,107.2,72.8,17.22,1.69,False,0.174
0.15,0.65,0.30,0.25,180,10,True,False,107.2,72.8,17.22,1.69,False,0.174
0.15,0.65,0.30,0.25,-180,30,False,False,-59.4,120.6,25.48,-1.69,False,0.293
0.15,0.65,0.30,0.25,-180,30,True,False,-59.4,120.6,25.48,-1.69,False,0.293
0.15,0.65,0.30,0.25,180,30,False,False,59.4,120.6,25.48,1.69,False,0.293
0.15,0.65,0.30,0.25,180,30,True,False,59.4,120.6,25.48,1.69,False,0.293
0.15,0.65,0.30,0.25,-180,90,False,False,-38.4,141.6,28.30,-1.70,False,0.650
0.15,0.65,0.30,0.25,-180,90,True,False,-38.4,141.6,28.30,-1.70,False,0.650
0.15,0.65,0.30,0.25,180,90,False,False,38.4,141.6,28.30,1.70,False,0.650
0.15,0.65,0.30,0.25,180,90,True,False,38.4,141.6,28.30,1.70,False,0.650
0.15,0.65,0.30,0.25,-180,180,False,False,-16.4,163.6,32.00,-1.69,False,0.650
0.15,0.65,0.30,0.25,-180,180,True,False,-16.4,163.6,32.00,-1.69,False,0.650
0.15,0.65,0.30,0.25,180,180,False,False,16.4,163.6,32.00,1.69,False,0.650
0.15,0.65,0.30,0.25,180,180,True,False,16.4,163.6,32.00,1.69,False,0.650
0.15,0.65,0.30,0.25,-360,10,False,False,-223.7,136.3,28.58,-1.69,False,0.174
0.15,0.65,0.30,0.25,-360,10,True,False,-223.7,136.3,28.58,-1.69,False,0.174
0.15,0.65,0.30,0.25,360,10,False,False,223.7,136.3,28.58,1.70,False,0.174
0.15,0.65,0.30,0.25,360,10,True,False,223.7,136.3,28.58,1.70,False,0.174
0.15,0.65,0.30,0.25,-360,30,False,False,-124.9,235.1,45.98,-1.70,False,0.293
0.15,0.65,0.30,0.25,-360,30,True,False,-124.9,235.1,45.98,-1.70,False,0.293
0.15,0.65,0.30,0.25,360,30,False,False,124.9,235.1,45.98,1.69,False,0.293
0.15,0.65,0.30,0.25,360,30,True,False,124.9,235.1,45.98,1.69,False,0.293
0.15,0.65,0.30,0.25,-360,90,False,False,-86.9,273.1,51.86,-1.69,False,0.650
0.15,0.65,0.30,0.25,-360,90,True,False,-86.9,273.1,51.86,-1.69,False,0.650
0.15,0.65,0.30,0.25,360,90,False,False,86.9,273.1,51.86,1.69,False,0.650
0.15,0.65,0.30,0.25,360,90,True,False,86.9,273.1,51.86,1.69,False,0.650
0.15,0.65,0.30,0.25,-360,180,False,False,-40.5,319.5,59.88,-1.69,False,0.650
0.15,0.65,0.30,0.25,-360,180,True,False,-40.5,319.5,59.88,-1.69,False,0.650
0.15,0.65,0.30,0.25,360,180,False,False,40.5,319.5,59.88,1.69,False,0.650
0.15,0.65,0.30,0.25,360,180,True,False,40.5,319.5,59.88,1.69,False,0.650
0.15,0.45,0.30,0.25,-90,10,False,False,-34.2,55.8,20.66,-1.80,False,0.174
0.15,0.45,0.30,0.25,-90,10,True,False,-34.2,55.8,20.66,-1.80,False,0.174
0.15,0.45,0.30,0.25,90,10,False,False,34.2,55.8,20.66,1.80,False,0.174
0.15,0.45,0.30,0.25,90,10,True,False,34.2,55.8,20.66,1.80,False,0.174
0.15,0.45,0.30,0.25,-90,30,False,False,-18.5,71.5,24.44,-1.80,False,0.293
0.15,0.45,0.30,0.25,-90,30,True,False,-18.5,71.5,24.44,-1.80,False,0.293
0.15,0.45,0.30,0.25,90,30,False,False,18.5,71.5,24.44,1.79,False,0.293
0.15,0.45,0.30,0.25,90,30,True,False,18.5,71.5,24.44,1.79,False,0.293
0.15,0.45,0.30,0.25,-90,90,False,False,-10.0,80.0,25.76,-1.80,False,0.650
0.15,0.45,0.30,0.25,-90,90,True,False,-10.0,80.0,25.76,-1.80,False,0.650
0.15,0.45,0.30,0.25,90,90,False,False,10.0,80.0,25.74,1.80,False,0.650
0.15,0.45,0.30,0.25,90,90,True,False,10.0,80.0,25.74,1.80,False,0.650
0.15,0.45,0.30,0.25,-90,180,False,False,-3.7,86.3,27.26,-1.80,False,0.650
0.15,0.45,0.30,0.25,-90,180,True,False,-3.7,86.3,27.28,-1.80,False,0.650
0.15,0.45,0.30,0.25,90,180,False,False,3.7,86.3,27.26,1.79,False,0.650
0.15,0.45,0.30,0.25,90,180,True,False,3.7,86.3,27.26,1.79,False,0.650
0.15,0.45,0.30,0.25,-180,10,False,False,-74.5,105.5,33.48,-1.78,False,0.174
0.15,0.45,0.30,0.25,-180,10,True,False,-74.5,105.5,33.48,-1.78,False,0.174
0.15,0.45,0.30,0.25,180,10,False,False,74.5,105.5,33.50,1.80,False,0.174
0.15,0.45,0.30,0.25,180,10,True,False,74.5,105.5,33.50,1.80,False,0.174
0.15,0.45,0.30,0.25,-180,30,False,False,-41.2,138.8,41.80,-1.77,False,0.293
0.15,0.45,0.30,0.25,-180,30,True,False,-41.2,138.8,41.80,-1.77,False,0.293
0.15,0.45,0.30,0.25,180,30,False,False,41.2,138.8,41.86,1.79,False,0.293
0.15,0.45,0.30,0.25,180,30,True,False,41.2,138.8,41.86,1.79,False,0.293
0.15,0.45,0.30,0.25,-180,90,False,False,-26.6,153.4,44.66,-1.78,False,0.650
0.15,0.45,0.30,0.25,-180,90,True,False,-26.6,153.4,44.66,-1.78,False,0.650
0.15,0.45,0.30,0.25,180,90,False,False,26.6,153.4,44.68,1.80,False,0.650
0.15,0.45,0.30,0.25,180,90,True,False,26.6,153.4,44.68,1.80,False,0.650
0.15,0.45,0.30,0.25,-180,180,False,False,-11.4,168.6,48.34,-1.78,False,0.650
0.15,0.45,0.30,0.25,-180,180,True,False,-11.4,168.6,48.34,-1.78,False,0.650
0.15,0.45,0.30,0.25,180,180,False,False,11.4,168.6,48.38,1.79,False,0.650
0.15,0.45,0.30,0.25,180,180,True,False,11.4,168.6,48.38,1.79,False,0.650
0.15,0.45,0.30,0.25,-360,10,False,False,-155.2,204.8,59.16,-1.78,False,0.174
0.15,0.45,0.30,0.25,-360,10,True,False,-155.2,204.8,59.16,-1.78,False,0.174
0.15,0.45,0.30,0.25,360,10,False,False,155.2,204.8,59.20,1.79,False,0.174
0.15,0.45,0.30,0.25,360,10,True,False,155.2,204.8,59.20,1.79,False,0.174
0.15,0.45,0.30,0.25,-360,30,False,False,-86.5,273.5,76.60,-1.76,False,0.293
0.15,0.45,0.30,0.25,-360,30,True,False,-86.5,273.5,76.60,-1.76,False,0.293
0.15,0.45,0.30,0.25,360,30,False,False,86.5,273.5,76.68,1.79,False,0.293
0.15,0.45,0.30,0.25,360,30,True,False,86.5,273.5,76.68,1.79,False,0.293
0.15,0.45,0.30,0.25,-360,90,False,False,-60.1,299.9,82.48,-1.76,False,0.650
0.15,0.45,0.30,0.25,-360,90,True,False,-60.1,299.9,82.48,-1.76,False,0.650
0.15,0.45,0.30,0.25,360,90,False,False,60.1,299.9,82.56,1.79,False,0.650
0.15,0.45,0.30,0.25,360,90,True,False,60.1,299.9,82.56,1.79,False,0.650
0.15,0.45,0.30,0.25,-360,180,False,False,-28.0,332.0,90.50,-1.76,False,0.650
0.15,0.45,0.30,0.25,-360,180,True,False,-28.0,332.0,90.50,-1.76,False,0.650
0.15,0.45,0.30,0.25,360,180,False,False,28.0,332.0,90.56,1.80,False,0.650
0.15,0.45,0.30,0.25,360,180,True,False,28.0,332.0,90.56,1.80,False,0.650
0.35,1.00,0.30,0.25,-90,10,False,False,-71.0,19.0,4.58,-1.48,False,0.173
0.35,1.00,0.30,0.25,-90,10,True,False,-71.0,19.0,4.58,-1.48,False,0.173
0.35,1.00,0.30,0.25,90,10,False,False,71.0,19.0,4.58,1.49,False,0.173
0.35,1.00,0.30,0.25,90,10,True,False,71.0,19.0,4.58,1.49,False,0.173
0.35,1.00,0.30,0.25,-90,30,False,False,-51.2,38.8,5.72,-1.48,False,0.456
0.35,1.00,0.30,0.25,-90,30,True,False,-51.2,38.8,5.72,-1.48,False,0.456
0.35,1.00,0.30,0.25,90,30,False,False,51.2,38.8,5.72,1.48,False,0.456
0.35,1.00,0.30,0.25,90,30,True,False,51.2,38.8,5.72,1.48,False,0.456
0.35,1.00,0.30,0.25,-90,90,False,False,-25.4,64.6,6.72,-1.48,False,0.800
0.35,1.00,0.30,0.25,-90,90,True,False,-25.4,64.6,6.72,-1.48,False,0.800
0.35,1.00,0.30,0.25,90,90,False,False,25.4,64.6,6.72,1.48,False,0.800
0.35,1.00,0.30,0.25,90,90,True,False,25.4,64.6,6.72,1.48,False,0.800
0.35,1.00,0.30,0.25,-90,180,False,False,-9.1,80.9,7.54,-1.49,False,0.800
0.35,1.00,0.30,0.25,-90,180,True,False,-9.1,80.9,7.54,-1.49,False,0.800
0.35,1.00,0.30,0.25,90,180,False,False,9.1,80.9,7.54,1.49,False,0.800
0.35,1.00,0.30,0.25,90,180,True,False,9.1,80.9,7.54,1.49,False,0.800
0.35,1.00,0.30,0.25,-180,10,False,False,-160.9,19.1,4.60,-1.47,False,0.175
0.35,1.00,0.30,0.25,-180,10,True,False,-160.9,19.1,4.60,-1.47,False,0.175
0.35,1.00,0.30,0.25,180,10,False,False,160.9,19.1,4.60,1.48,False,0.175
0.35,1.00,0.30,0.25,180,10,True,False,160.9,19.1,4.60,1.48,False,0.175
0.35,1.00,0.30,0.25,-180,30,False,False,-133.9,46.1,6.10,-1.48,False,0.493
0.35,1.00,0.30,0.25,-180,30,True,False,-133.9,46.1,6.10,-1.48,False,0.493
0.35,1.00,0.30,0.25,180,30,False,False,133.9,46.1,6.10,1.48,False,0.493
0.35,1.00,0.30,0.25,180,30,True,False,133.9,46.1,6.10,1.48,False,0.493
0.35,1.00,0.30,0.25,-180,90,False,False,-70.7,109.3,8.94,-1.49,False,0.800
0.35,1.00,0.30,0.25,-180,90,True,False,-70.7,109.3,8.94,-1.49,False,0.800
0.35,1.00,0.30,0.25,180,90,False,False,70.7,109.3,8.94,1.49,False,0.800
0.35,1.00,0.30,0.25,180,90,True,False,70.7,109.3,8.94,1.49,False,0.800
0.35,1.00,0.30,0.25,-180,180,False,False,-29.8,150.2,10.90,-1.48,False,0.800
0.35,1.00,0.30,0.25,-180,180,True,False,-29.8,150.2,10.90,-1.48,False,0.800
0.35,1.00,0.30,0.25,180,180,False,False,29.8,150.2,10.90,1.48,False,0.800
0.35,1.00,0.30,0.25,180,180,True,False,29.8,150.2,10.90,1.48,False,0.800
0.35,1.00,0.30,0.25,-360,10,False,False,-340.9,19.1,4.60,-1.48,False,0.175
0.35,1.00,0.30,0.25,-360,10,True,False,-340.9,19.1,4.60,-1.48,False,0.175
0.35,1.00,0.30,0.25,360,10,False,False,340.9,19.1,4.60,1.48,False,0.175
0.35,1.00,0.30,0.25,360,10,True,False,340.9,19.1,4.60,1.48,False,0.175
0.35,1.00,0.30,0.25,-360,30,False,False,-303.3,56.7,6.66,-1.49,False,0.493
0.35,1.00,0.30,0.25,-360,30,True,False,-303.3,56.7,6.66,-1.49,False,0.493
0.35,1.00,0.30,0.25,360,30,False,False,303.3,56.7,6.66,1.49,False,0.493
0.35,1.00,0.30,0.25,360,30,True,False,303.3,56.7,6.66,1.49,False,0.493
0.35,1.00,0.30,0.25,-360,90,False,False,-162.3,197.7,13.36,-1.48,False,0.800
0.35,1.00,0.30,0.25,-360,90,True,False,-162.3,197.7,13.36,-1.48,False,0.800
0.35,1.00,0.30,0.25,360,90,False,False,162.3,197.7,13.36,1.47,False,0.800
0.35,1.00,0.30,0.25,360,90,True,False,162.3,197.7,13.36,1.47,False,0.800
0.35,1.00,0.30,0.25,-360,180,False,False,-75.3,284.7,17.58,-1.48,False,0.800
0.35,1.00,0.30,0.25,-360,180,True,False,-75.3,284.7,17.58,-1.48,False,0.800
0.35,1.00,0.30,0.25,360,180,False,False,75.3,284.7,17.58,1.48,False,0.800
0.35,1.00,0.30,0.25,360,180,True,False,75.3,284.7,17.58,1.48,False,0.800
0.35,0.65,0.30,0.25,-90,10,False,False,-59.4,30.6,9.14,-1.69,False,0.253
0.35,0.65,0.30,0.25,-90,10,True,False,-59.4,30.6,9.14,-1.69,False,0.253
0.35,0.65,0.30,0.25,90,10,False,False,59.4,30.6,9.14,1.70,False,0.253
0.35,0.65,0.30,0.25,90,10,True,False,59.4,30.6,9.14,1.70,False,0.253
0.35,0.65,0.30,0.25,-90,30,False,False,-35.9,54.1,10.98,-1.69,False,0.493
0.35,0.65,0.30,0.25,-90,30,True,False,-35.9,54.1,10.98,-1.69,False,0.493
0.35,0.65,0.30,0.25,90,30,False,False,35.9,54.1,10.98,1.69,False,0.493
0.35,0.65,0.30,0.25,90,30,True,False,35.9,54.1,10.98,1.69,False,0.493
0.35,0.65,0.30,0.25,-90,90,False,False,-16.5,73.5,12.14,-1.69,False,0.800
0.35,0.65,0.30,0.25,-90,90,True,False,-16.5,73.5,12.14,-1.69,False,0.800
0.35,0.65,0.30,0.25,90,90,False,False,16.5,73.5,12.14,1.69,False,0.800
0.35,0.65,0.30,0.25,90,90,True,False,16.5,73.5,12.14,1.69,False,0.800
0.35,0.65,0.30,0.25,-90,180,False,False,-5.9,84.1,12.94,-1.69,False,0.800
0.35,0.65,0.30,0.25,-90,180,True,False,-5.9,84.1,12.94,-1.69,False,0.800
0.35,0.65,0.30,0.25,90,180,False,False,5.9,84.1,12.94,1.69,False,0.800
0.35,0.65,0.30,0.25,90,180,True,False,5.9,84.1,12.94,1.69,False,0.800
0.35,0.65,0.30,0.25,-180,10,False,False,-147.6,32.4,9.34,-1.69,False,0.268
0.35,0.65,0.30,0.25,-180,10,True,False,-147.6,32.4,9.34,-1.69,False,0.268
0.35,0.65,0.30,0.25,180,10,False,False,147.6,32.4,9.34,1.69,False,0.268
0.35,0.65,0.30,0.25,180,10,True,False,147.6,32.4,9.34,1.69,False,0.268
0.35,0.65,0.30,0.25,-180,30,False,False,-90.9,89.1,13.66,-1.69,False,0.493
0.35,0.65,0.30,0.25,-180,30,True,False,-90.9,89.1,13.66,-1.69,False,0.493
0.35,0.65,0.30,0.25,180,30,False,False,90.9,89.1,13.66,1.69,False,0.493
0.35,0.65,0.30,0.25,180,30,True,False,90.9,89.1,13.66,1.69,False,0.493
0.35,0.65,0.30,0.25,-180,90,False,False,-46.0,134.0,16.76,-1.69,False,0.800
0.35,0.65,0.30,0.25,-180,90,True,False,-46.0,134.0,16.76,-1.69,False,0.800
0.35,0.65,0.30,0.25,180,90,False,False,46.0,134.0,16.76,1.69,False,0.800
0.35,0.65,0.30,0.25,180,90,True,False,46.0,134.0,16.76,1.69,False,0.800
0.35,0.65,0.30,0.25,-180,180,False,False,-19.4,160.6,18.70,-1.69,False,0.800
0.35,0.65,0.30,0.25,-180,180,True,False,-19.4,160.6,18.70,-1.69,False,0.800
0.35,0.65,0.30,0.25,180,180,False,False,19.4,160.6,18.70,1.69,False,0.800
0.35,0.65,0.30,0.25,180,180,True,False,19.4,160.6,18.70,1.69,False,0.800
0.35,0.65,0.30,0.25,-360,10,False,False,-327.4,32.6,9.36,-1.68,False,0.269
0.35,0.65,0.30,0.25,-360,10,True,False,-327.4,32.6,9.36,-1.68,False,0.269
0.35,0.65,0.30,0.25,360,10,False,False,327.4,32.6,9.36,1.69,False,0.269
0.35,0.65,0.30,0.25,360,10,True,False,327.4,32.6,9.36,1.69,False,0.269
0.35,0.65,0.30,0.25,-360,30,False,False,-201.1,158.9,19.02,-1.69,False,0.493
0.35,0.65,0.30,0.25,-360,30,True,False,-201.1,158.9,19.02,-1.69,False,0.493
0.35,0.65,0.30,0.25,360,30,False,False,201.1,158.9,19.02,1.69,False,0.493
0.35,0.65,0.30,0.25,360,30,True,False,201.1,158.9,19.02,1.69,False,0.493
0.35,0.65,0.30,0.25,-360,90,False,False,-105.5,254.5,26.00,-1.68,False,0.800
0.35,0.65,0.30,0.25,-360,90,True,False,-105.5,254.5,26.00,-1.68,False,0.800
0.35,0.65,0.30,0.25,360,90,False,False,105.5,254.5,26.00,1.69,False,0.800
0.35,0.65,0.30,0.25,360,90,True,False,105.5,254.5,26.00,1.69,False,0.800
0.35,0.65,0.30,0.25,-360,180,False,False,-49.0,311.0,30.22,-1.69,False,0.800
0.35,0.65,0.30,0.25,-360,180,True,False,-49.0,311.0,30.22,-1.69,False,0.800
0.35,0.65,0.30,0.25,360,180,False,False,49.0,311.0,30.22,1.69,False,0.800
0.35,0.65,0.30,0.25,360,180,True,False,49.0,311.0,30.22,1.69,False,0.800
0.35,0.45,0.30,0.25,-90,10,False,False,-48.4,41.6,15.06,-1.79,False,0.328
0.35,0.45,0.30,0.25,-90,10,True,False,-48.4,41.6,15.06,-1.79,False,0.328
0.35,0.45,0.30,0.25,90,10,False,False,48.4,41.6,15.08,1.79,False,0.328
0.35,0.45,0.30,0.25,90,10,True,False,48.4,41.6,15.08,1.79,False,0.328
0.35,0.45,0.30,0.25,-90,30,False,False,-25.5,64.5,17.50,-1.80,False,0.493
0.35,0.45,0.30,0.25,-90,30,True,False,-25.5,64.5,17.50,-1.80,False,0.493
0.35,0.45,0.30,0.25,90,30,False,False,25.5,64.5,17.50,1.80,False,0.493
0.35,0.45,0.30,0.25,90,30,True,False,25.5,64.5,17.50,1.80,False,0.493
0.35,0.45,0.30,0.25,-90,90,False,False,-11.4,78.6,18.72,-1.80,False,0.800
0.35,0.45,0.30,0.25,-90,90,True,False,-11.4,78.6,18.72,-1.80,False,0.800
0.35,0.45,0.30,0.25,90,90,False,False,11.4,78.6,18.72,1.80,False,0.800
0.35,0.45,0.30,0.25,90,90,True,False,11.4,78.6,18.72,1.80,False,0.800
0.35,0.45,0.30,0.25,-90,180,False,False,-4.1,85.9,19.54,-1.79,False,0.800
0.35,0.45,0.30,0.25,-90,180,True,False,-4.1,85.9,19.54,-1.79,False,0.800
0.35,0.45,0.30,0.25,90,180,False,False,4.1,85.9,19.54,1.79,False,0.800
0.35,0.45,0.30,0.25,90,180,True,False,4.1,85.9,19.54,1.79,False,0.800
0.35,0.45,0.30,0.25,-180,10,False,False,-131.6,48.4,15.82,-1.79,False,0.374
0.35,0.45,0.30,0.25,-180,10,True,False,-131.6,48.4,15.82,-1.79,False,0.374
0.35,0.45,0.30,0.25,180,10,False,False,131.6,48.4,15.84,1.79,False,0.374
0.35,0.45,0.30,0.25,180,10,True,False,131.6,48.4,15.84,1.79,False,0.374
0.35,0.45,0.30,0.25,-180,30,False,False,-63.6,116.4,23.26,-1.79,False,0.493
0.35,0.45,0.30,0.25,-180,30,True,False,-63.6,116.4,23.26,-1.79,False,0.493
0.35,0.45,0.30,0.25,180,30,False,False,63.6,116.4,23.26,1.79,False,0.493
0.35,0.45,0.30,0.25,180,30,True,False,63.6,116.4,23.26,1.79,False,0.493
0.35,0.45,0.30,0.25,-180,90,False,False,-31.8,148.2,26.42,-1.79,False,0.800
0.35,0.45,0.30,0.25,-180,90,True,False,-31.8,148.2,26.42,-1.79,False,0.800
0.35,0.45,0.30,0.25,180,90,False,False,31.8,148.2,26.42,1.79,False,0.800
0.35,0.45,0.30,0.25,180,90,True,False,31.8,148.2,26.42,1.79,False,0.800
0.35,0.45,0.30,0.25,-180,180,False,False,-13.4,166.6,28.36,-1.80,False,0.800
0.35,0.45,0.30,0.25,-180,180,True,False,-13.4,166.6,28.36,-1.80,False,0.800
0.35,0.45,0.30,0.25,180,180,False,False,13.4,166.6,28.36,1.80,False,0.800
0.35,0.45,0.30,0.25,180,180,True,False,13.4,166.6,28.36,1.80,False,0.800
0.35,0.45,0.30,0.25,-360,10,False,False,-305.1,54.9,16.52,-1.78,False,0.374
0.35,0.45,0.30,0.25,-360,10,True,False,-305.1,54.9,16.52,-1.78,False,0.374
0.35,0.45,0.30,0.25,360,10,False,False,305.1,54.9,16.56,1.80,False,0.374
0.35,0.45,0.30,0.25,360,10,True,False,305.1,54.9,16.56,1.80,False,0.374
0.35,0.45,0.30,0.25,-360,30,False,False,-139.8,220.2,34.76,-1.80,False,0.493
0.35,0.45,0.30,0.25,-360,30,True,False,-139.8,220.2,34.76,-1.80,False,0.493
0.35,0.45,0.30,0.25,360,30,False,False,139.8,220.2,34.74,1.80,False,0.493
0.35,0.45,0.30,0.25,360,30,True,False,139.8,220.2,34.74,1.80,False,0.493
0.35,0.45,0.30,0.25,-360,90,False,False,-73.1,286.9,41.80,-1.80,False,0.800
0.35,0.45,0.30,0.25,-360,90,True,False,-73.1,286.9,41.80,-1.80,False,0.800
0.35,0.45,0.30,0.25,360,90,False,False,73.1,286.9,41.78,1.80,False,0.800
0.35,0.45,0.30,0.25,360,90,True,False,73.1,286.9,41.78,1.80,False,0.800
0.35,0.45,0.30,0.25,-360,180,False,False,-33.9,326.1,46.02,-1.80,False,0.800
0.35,0.45,0.30,0.25,-360,180,True,False,-33.9,326.1,46.02,-1.80,False,0.800
0.35,0.45,0.30,0.25,360,180,False,False,33.9,326.1,46.02,1.80,False,0.800
0.35,0.45,0.30,0.25,360,180,True,False,33.9,326.1,46.02,1.80,False,0.800
0.15,0.65,0.30,0.25,360,90,False,True,86.9,273.1,-1.00,262.60,True,0.650
0.35,0.65,0.30,0.25,360,90,False,True,105.5,254.5,-1.00,239.83,True,0.800
