cap,gain,delay,lag,angle,rate,walking,glitch,atBodyStop,maxLag,settleAfterStop,finalWorldError,targetLost,peakCommand,overshoot
0.15,1.00,0.30,0.25,-90,10,False,False,-75.0,15.0,4.92,-1.58,False,0.173,0.00
0.15,1.00,0.30,0.25,-90,10,True,False,-75.0,15.0,4.92,-1.58,False,0.173,0.00
0.15,1.00,0.30,0.25,90,10,False,False,75.0,15.0,4.92,1.58,False,0.173,0.00
0.15,1.00,0.30,0.25,90,10,True,False,75.0,15.0,4.92,1.58,False,0.173,0.00
0.15,1.00,0.30,0.25,-90,30,False,False,-76.3,13.7,2.20,-1.58,False,0.550,0.00
0.15,1.00,0.30,0.25,-90,30,True,False,-76.3,13.7,2.20,-1.58,False,0.550,0.00
0.15,1.00,0.30,0.25,90,30,False,False,76.3,13.7,2.20,1.58,False,0.550,0.00
0.15,1.00,0.30,0.25,90,30,True,False,76.3,13.7,2.20,1.58,False,0.550,0.00
0.15,1.00,0.30,0.25,-90,90,False,False,-28.0,62.0,6.86,-1.58,False,1.530,0.00
0.15,1.00,0.30,0.25,-90,90,True,False,-25.5,64.5,7.16,-1.59,False,1.470,0.00
0.15,1.00,0.30,0.25,90,90,False,False,28.0,62.0,6.86,1.58,False,1.530,0.00
0.15,1.00,0.30,0.25,90,90,True,False,25.5,64.5,7.16,1.59,False,1.470,0.00
0.15,1.00,0.30,0.25,-90,180,False,False,-5.2,84.8,10.90,-1.58,False,1.050,0.00
0.15,1.00,0.30,0.25,-90,180,True,False,-5.2,84.8,10.90,-1.58,False,1.050,0.00
0.15,1.00,0.30,0.25,90,180,False,False,5.2,84.8,10.90,1.58,False,1.050,0.00
0.15,1.00,0.30,0.25,90,180,True,False,5.2,84.8,10.90,1.58,False,1.050,0.00
0.15,1.00,0.30,0.25,-180,10,False,False,-164.7,15.3,4.96,-1.58,False,0.174,0.00
0.15,1.00,0.30,0.25,-180,10,True,False,-164.7,15.3,4.96,-1.58,False,0.174,0.00
0.15,1.00,0.30,0.25,180,10,False,False,164.7,15.3,4.96,1.59,False,0.174,0.00
0.15,1.00,0.30,0.25,180,10,True,False,164.7,15.3,4.96,1.59,False,0.174,0.00
0.15,1.00,0.30,0.25,-180,30,False,False,-166.3,13.7,2.22,-1.59,False,0.550,0.00
0.15,1.00,0.30,0.25,-180,30,True,False,-166.3,13.7,2.22,-1.59,False,0.550,0.00
0.15,1.00,0.30,0.25,180,30,False,False,166.3,13.7,2.22,1.59,False,0.550,0.00
0.15,1.00,0.30,0.25,180,30,True,False,166.3,13.7,2.22,1.59,False,0.550,0.00
0.15,1.00,0.30,0.25,-180,90,False,False,-113.4,66.8,6.52,-1.59,False,1.600,0.00
0.15,1.00,0.30,0.25,-180,90,True,False,-109.8,70.4,6.86,-1.58,False,1.600,0.00
0.15,1.00,0.30,0.25,180,90,False,False,113.4,66.8,6.52,1.59,False,1.600,0.00
0.15,1.00,0.30,0.25,180,90,True,False,109.8,70.4,6.86,1.58,False,1.600,0.00
0.15,1.00,0.30,0.25,-180,180,False,False,-28.1,151.9,16.04,-1.58,False,1.600,0.00
0.15,1.00,0.30,0.25,-180,180,True,False,-28.1,151.9,16.04,-1.58,False,1.600,0.00
0.15,1.00,0.30,0.25,180,180,False,False,28.1,151.9,16.04,1.58,False,1.600,0.00
0.15,1.00,0.30,0.25,180,180,True,False,28.1,151.9,16.04,1.59,False,1.600,0.00
0.15,1.00,0.30,0.25,-360,10,False,False,-344.7,15.3,4.96,-1.59,False,0.175,0.00
0.15,1.00,0.30,0.25,-360,10,True,False,-344.7,15.3,4.96,-1.59,False,0.175,0.00
0.15,1.00,0.30,0.25,360,10,False,False,344.7,15.3,4.96,1.59,False,0.175,0.00
0.15,1.00,0.30,0.25,360,10,True,False,344.7,15.3,4.96,1.59,False,0.175,0.00
0.15,1.00,0.30,0.25,-360,30,False,False,-346.3,13.7,2.24,-1.59,False,0.550,0.00
0.15,1.00,0.30,0.25,-360,30,True,False,-346.3,13.7,2.24,-1.59,False,0.550,0.00
0.15,1.00,0.30,0.25,360,30,False,False,346.3,13.7,2.24,1.58,False,0.550,0.00
0.15,1.00,0.30,0.25,360,30,True,False,346.3,13.7,2.24,1.58,False,0.550,0.00
0.15,1.00,0.30,0.25,-360,90,False,False,-296.7,66.8,6.32,-1.59,False,1.600,0.00
0.15,1.00,0.30,0.25,-360,90,True,False,-293.0,70.4,6.74,-1.58,False,1.600,0.00
0.15,1.00,0.30,0.25,360,90,False,False,296.7,66.8,6.32,1.59,False,1.600,0.00
0.15,1.00,0.30,0.25,360,90,True,False,293.0,70.4,6.74,1.58,False,1.600,0.00
0.15,1.00,0.30,0.25,-360,180,False,False,-113.5,246.5,26.12,-1.58,False,1.600,0.00
0.15,1.00,0.30,0.25,-360,180,True,False,-113.5,246.5,26.14,-1.57,False,1.600,0.00
0.15,1.00,0.30,0.25,360,180,False,False,113.5,246.5,26.12,1.59,False,1.600,0.00
0.15,1.00,0.30,0.25,360,180,True,False,113.5,246.5,26.12,1.59,False,1.600,0.00
0.15,0.65,0.30,0.25,-90,10,False,False,-63.0,27.0,9.70,-1.73,False,0.225,0.00
0.15,0.65,0.30,0.25,-90,10,True,False,-63.0,27.0,9.70,-1.73,False,0.225,0.00
0.15,0.65,0.30,0.25,90,10,False,False,63.0,27.0,9.70,1.73,False,0.225,0.00
0.15,0.65,0.30,0.25,90,10,True,False,63.0,27.0,9.70,1.73,False,0.225,0.00
0.15,0.65,0.30,0.25,-90,30,False,False,-55.1,34.9,10.20,-1.73,False,0.599,0.00
0.15,0.65,0.30,0.25,-90,30,True,False,-55.1,34.9,10.20,-1.73,False,0.599,0.00
0.15,0.65,0.30,0.25,90,30,False,False,55.1,34.9,10.20,1.73,False,0.599,0.00
0.15,0.65,0.30,0.25,90,30,True,False,55.1,34.9,10.20,1.73,False,0.599,0.00
0.15,0.65,0.30,0.25,-90,90,False,False,-18.2,71.8,14.06,-1.72,False,1.530,0.00
0.15,0.65,0.30,0.25,-90,90,True,False,-16.6,73.4,14.46,-1.73,False,1.470,0.00
0.15,0.65,0.30,0.25,90,90,False,False,18.2,71.8,14.06,1.72,False,1.530,0.00
0.15,0.65,0.30,0.25,90,90,True,False,16.6,73.4,14.46,1.73,False,1.470,0.00
0.15,0.65,0.30,0.25,-90,180,False,False,-3.4,86.6,18.20,-1.73,False,1.050,0.00
0.15,0.65,0.30,0.25,-90,180,True,False,-3.4,86.6,18.20,-1.73,False,1.050,0.00
0.15,0.65,0.30,0.25,90,180,False,False,3.4,86.6,18.20,1.73,False,1.050,0.00
0.15,0.65,0.30,0.25,90,180,True,False,3.4,86.6,18.20,1.73,False,1.050,0.00
0.15,0.65,0.30,0.25,-180,10,False,False,-138.3,41.7,12.32,-1.73,False,0.225,0.00
0.15,0.65,0.30,0.25,-180,10,True,False,-138.3,41.7,12.32,-1.73,False,0.225,0.00
0.15,0.65,0.30,0.25,180,10,False,False,138.3,41.7,12.32,1.73,False,0.225,0.00
0.15,0.65,0.30,0.25,180,10,True,False,138.3,41.7,12.32,1.73,False,0.225,0.00
0.15,0.65,0.30,0.25,-180,30,False,False,-122.0,58.0,14.34,-1.72,False,0.599,0.00
0.15,0.65,0.30,0.25,-180,30,True,False,-122.0,58.0,14.34,-1.72,False,0.599,0.00
0.15,0.65,0.30,0.25,180,30,False,False,122.0,58.0,14.34,1.72,False,0.599,0.00
0.15,0.65,0.30,0.25,180,30,True,False,122.0,58.0,14.34,1.72,False,0.599,0.00
0.15,0.65,0.30,0.25,-180,90,False,False,-73.7,106.3,19.10,-1.73,False,1.600,0.00
0.15,0.65,0.30,0.25,-180,90,True,False,-71.4,108.6,19.52,-1.73,False,1.600,0.00
0.15,0.65,0.30,0.25,180,90,False,False,73.7,106.3,19.10,1.73,False,1.600,0.00
0.15,0.65,0.30,0.25,180,90,True,False,71.4,108.6,19.52,1.73,False,1.600,0.00
0.15,0.65,0.30,0.25,-180,180,False,False,-18.3,161.7,29.00,-1.72,False,1.600,0.00
0.15,0.65,0.30,0.25,-180,180,True,False,-18.3,161.7,29.00,-1.72,False,1.600,0.00
0.15,0.65,0.30,0.25,180,180,False,False,18.3,161.7,29.00,1.72,False,1.600,0.00
0.15,0.65,0.30,0.25,180,180,True,False,18.3,161.7,29.00,1.72,False,1.600,0.00
0.15,0.65,0.30,0.25,-360,10,False,False,-289.0,71.0,17.58,-1.71,False,0.225,0.00
0.15,0.65,0.30,0.25,-360,10,True,False,-289.0,71.0,17.58,-1.71,False,0.225,0.00
0.15,0.65,0.30,0.25,360,10,False,False,289.0,71.0,17.58,1.72,False,0.225,0.00
0.15,0.65,0.30,0.25,360,10,True,False,289.0,71.0,17.58,1.72,False,0.225,0.00
0.15,0.65,0.30,0.25,-360,30,False,False,-255.8,104.2,22.60,-1.72,False,0.599,0.00
0.15,0.65,0.30,0.25,-360,30,True,False,-255.8,104.2,22.60,-1.72,False,0.599,0.00
0.15,0.65,0.30,0.25,360,30,False,False,255.8,104.2,22.60,1.73,False,0.599,0.00
0.15,0.65,0.30,0.25,360,30,True,False,255.8,104.2,22.60,1.73,False,0.599,0.00
0.15,0.65,0.30,0.25,-360,90,False,False,-192.8,167.2,30.18,-1.73,False,1.600,0.00
0.15,0.65,0.30,0.25,-360,90,True,False,-190.5,169.5,30.60,-1.73,False,1.600,0.00
0.15,0.65,0.30,0.25,360,90,False,False,192.8,167.2,30.18,1.73,False,1.600,0.00
0.15,0.65,0.30,0.25,360,90,True,False,190.5,169.5,30.60,1.73,False,1.600,0.00
0.15,0.65,0.30,0.25,-360,180,False,False,-73.8,286.2,50.36,-1.72,False,1.600,0.00
0.15,0.65,0.30,0.25,-360,180,True,False,-73.8,286.2,50.36,-1.72,False,1.600,0.00
0.15,0.65,0.30,0.25,360,180,False,False,73.8,286.2,50.36,1.72,False,1.600,0.00
0.15,0.65,0.30,0.25,360,180,True,False,73.8,286.2,50.36,1.72,False,1.600,0.00
0.15,0.45,0.30,0.25,-90,10,False,False,-44.9,45.1,18.50,-1.81,False,0.225,0.00
0.15,0.45,0.30,0.25,-90,10,True,False,-44.9,45.1,18.50,-1.81,False,0.225,0.00
0.15,0.45,0.30,0.25,90,10,False,False,44.9,45.1,18.50,1.81,False,0.225,0.00
0.15,0.45,0.30,0.25,90,10,True,False,44.9,45.1,18.50,1.81,False,0.225,0.00
0.15,0.45,0.30,0.25,-90,30,False,False,-38.2,51.8,19.32,-1.81,False,0.599,0.00
0.15,0.45,0.30,0.25,-90,30,True,False,-38.2,51.8,19.32,-1.81,False,0.599,0.00
0.15,0.45,0.30,0.25,90,30,False,False,38.2,51.8,19.32,1.81,False,0.599,0.00
0.15,0.45,0.30,0.25,90,30,True,False,38.2,51.8,19.32,1.81,False,0.599,0.00
0.15,0.45,0.30,0.25,-90,90,False,False,-12.6,77.4,23.18,-1.81,False,1.530,0.00
0.15,0.45,0.30,0.25,-90,90,True,False,-11.5,78.5,23.60,-1.81,False,1.470,0.00
0.15,0.45,0.30,0.25,90,90,False,False,12.6,77.4,23.18,1.81,False,1.530,0.00
0.15,0.45,0.30,0.25,90,90,True,False,11.5,78.5,23.60,1.81,False,1.470,0.00
0.15,0.45,0.30,0.25,-90,180,False,False,-2.3,87.7,27.34,-1.81,False,1.050,0.00
0.15,0.45,0.30,0.25,-90,180,True,False,-2.3,87.7,27.34,-1.81,False,1.050,0.00
0.15,0.45,0.30,0.25,90,180,False,False,2.3,87.7,27.34,1.81,False,1.050,0.00
0.15,0.45,0.30,0.25,90,180,True,False,2.3,87.7,27.34,1.81,False,1.050,0.00
0.15,0.45,0.30,0.25,-180,10,False,False,-97.0,83.0,28.24,-1.78,False,0.225,0.00
0.15,0.45,0.30,0.25,-180,10,True,False,-97.0,83.0,28.24,-1.78,False,0.225,0.00
0.15,0.45,0.30,0.25,180,10,False,False,97.0,83.0,28.30,1.81,False,0.225,0.00
0.15,0.45,0.30,0.25,180,10,True,False,97.0,83.0,28.30,1.81,False,0.225,0.00
0.15,0.45,0.30,0.25,-180,30,False,False,-84.5,95.5,30.58,-1.80,False,0.599,0.00
0.15,0.45,0.30,0.25,-180,30,True,False,-84.5,95.5,30.58,-1.80,False,0.599,0.00
0.15,0.45,0.30,0.25,180,30,False,False,84.5,95.5,30.62,1.81,False,0.599,0.00
0.15,0.45,0.30,0.25,180,30,True,False,84.5,95.5,30.62,1.81,False,0.599,0.00
0.15,0.45,0.30,0.25,-180,90,False,False,-51.1,128.9,35.36,-1.79,False,1.600,0.00
0.15,0.45,0.30,0.25,-180,90,True,False,-49.4,130.6,35.78,-1.80,False,1.600,0.00
0.15,0.45,0.30,0.25,180,90,False,False,51.1,128.9,35.40,1.81,False,1.600,0.00
0.15,0.45,0.30,0.25,180,90,True,False,49.4,130.6,35.82,1.81,False,1.600,0.00
0.15,0.45,0.30,0.25,-180,180,False,False,-12.6,167.4,45.24,-1.80,False,1.600,0.00
0.15,0.45,0.30,0.25,-180,180,True,False,-12.6,167.4,45.24,-1.80,False,1.600,0.00
0.15,0.45,0.30,0.25,180,180,False,False,12.6,167.4,45.28,1.81,False,1.600,0.00
0.15,0.45,0.30,0.25,180,180,True,False,12.6,167.4,45.28,1.81,False,1.600,0.00
0.15,0.45,0.30,0.25,-360,10,False,False,-201.4,158.6,47.78,-1.78,False,0.225,0.00
0.15,0.45,0.30,0.25,-360,10,True,False,-201.4,158.6,47.78,-1.78,False,0.225,0.00
0.15,0.45,0.30,0.25,360,10,False,False,201.4,158.6,47.86,1.81,False,0.225,0.00
0.15,0.45,0.30,0.25,360,10,True,False,201.4,158.6,47.86,1.81,False,0.225,0.00
0.15,0.45,0.30,0.25,-360,30,False,False,-177.2,182.8,53.18,-1.80,False,0.599,0.00
0.15,0.45,0.30,0.25,-360,30,True,False,-177.2,182.8,53.18,-1.80,False,0.599,0.00
0.15,0.45,0.30,0.25,360,30,False,False,177.2,182.8,53.20,1.81,False,0.599,0.00
0.15,0.45,0.30,0.25,360,30,True,False,177.2,182.8,53.20,1.81,False,0.599,0.00
0.15,0.45,0.30,0.25,-360,90,False,False,-133.5,226.5,60.76,-1.79,False,1.600,0.00
0.15,0.45,0.30,0.25,-360,90,True,False,-131.9,228.1,61.18,-1.79,False,1.600,0.00
0.15,0.45,0.30,0.25,360,90,False,False,133.5,226.5,60.80,1.81,False,1.600,0.00
0.15,0.45,0.30,0.25,360,90,True,False,131.9,228.1,61.22,1.81,False,1.600,0.00
0.15,0.45,0.30,0.25,-360,180,False,False,-51.1,308.9,80.88,-1.78,False,1.600,0.00
0.15,0.45,0.30,0.25,-360,180,True,False,-51.1,308.9,80.88,-1.77,False,1.600,0.00
0.15,0.45,0.30,0.25,360,180,False,False,51.1,308.9,80.96,1.81,False,1.600,0.00
0.15,0.45,0.30,0.25,360,180,True,False,51.1,308.9,80.96,1.81,False,1.600,0.00
0.35,1.00,0.30,0.25,-90,10,False,False,-75.0,15.0,4.92,-1.58,False,0.173,0.00
0.35,1.00,0.30,0.25,-90,10,True,False,-75.0,15.0,4.92,-1.58,False,0.173,0.00
0.35,1.00,0.30,0.25,90,10,False,False,75.0,15.0,4.92,1.58,False,0.173,0.00
0.35,1.00,0.30,0.25,90,10,True,False,75.0,15.0,4.92,1.58,False,0.173,0.00
0.35,1.00,0.30,0.25,-90,30,False,False,-76.3,13.7,2.20,-1.58,False,0.550,0.00
0.35,1.00,0.30,0.25,-90,30,True,False,-76.3,13.7,2.20,-1.58,False,0.550,0.00
0.35,1.00,0.30,0.25,90,30,False,False,76.3,13.7,2.20,1.58,False,0.550,0.00
0.35,1.00,0.30,0.25,90,30,True,False,76.3,13.7,2.20,1.58,False,0.550,0.00
0.35,1.00,0.30,0.25,-90,90,False,False,-28.0,62.0,6.42,-1.59,False,1.548,0.00
0.35,1.00,0.30,0.25,-90,90,True,False,-25.5,64.5,6.74,-1.58,False,1.548,0.00
0.35,1.00,0.30,0.25,90,90,False,False,28.0,62.0,6.42,1.59,False,1.548,0.00
0.35,1.00,0.30,0.25,90,90,True,False,25.5,64.5,6.74,1.58,False,1.548,0.00
0.35,1.00,0.30,0.25,-90,180,False,False,-5.2,84.8,8.24,-1.58,False,1.050,0.00
0.35,1.00,0.30,0.25,-90,180,True,False,-5.2,84.8,8.24,-1.58,False,1.050,0.00
0.35,1.00,0.30,0.25,90,180,False,False,5.2,84.8,8.24,1.58,False,1.050,0.00
0.35,1.00,0.30,0.25,90,180,True,False,5.2,84.8,8.24,1.58,False,1.050,0.00
0.35,1.00,0.30,0.25,-180,10,False,False,-164.7,15.3,4.96,-1.58,False,0.174,0.00
0.35,1.00,0.30,0.25,-180,10,True,False,-164.7,15.3,4.96,-1.58,False,0.174,0.00
0.35,1.00,0.30,0.25,180,10,False,False,164.7,15.3,4.96,1.59,False,0.174,0.00
0.35,1.00,0.30,0.25,180,10,True,False,164.7,15.3,4.96,1.59,False,0.174,0.00
0.35,1.00,0.30,0.25,-180,30,False,False,-166.3,13.7,2.22,-1.59,False,0.550,0.00
0.35,1.00,0.30,0.25,-180,30,True,False,-166.3,13.7,2.22,-1.59,False,0.550,0.00
0.35,1.00,0.30,0.25,180,30,False,False,166.3,13.7,2.22,1.59,False,0.550,0.00
0.35,1.00,0.30,0.25,180,30,True,False,166.3,13.7,2.22,1.59,False,0.550,0.00
0.35,1.00,0.30,0.25,-180,90,False,False,-113.4,66.8,6.52,-1.58,False,1.600,0.00
0.35,1.00,0.30,0.25,-180,90,True,False,-109.8,70.4,6.84,-1.58,False,1.600,0.00
0.35,1.00,0.30,0.25,180,90,False,False,113.4,66.8,6.52,1.58,False,1.600,0.00
0.35,1.00,0.30,0.25,180,90,True,False,109.8,70.4,6.84,1.58,False,1.600,0.00
0.35,1.00,0.30,0.25,-180,180,False,False,-28.1,151.9,10.44,-1.58,False,1.600,0.00
0.35,1.00,0.30,0.25,-180,180,True,False,-28.1,151.9,10.44,-1.58,False,1.600,0.00
0.35,1.00,0.30,0.25,180,180,False,False,28.1,151.9,10.44,1.58,False,1.600,0.00
0.35,1.00,0.30,0.25,180,180,True,False,28.1,151.9,10.44,1.58,False,1.600,0.00
0.35,1.00,0.30,0.25,-360,10,False,False,-344.7,15.3,4.96,-1.59,False,0.175,0.00
0.35,1.00,0.30,0.25,-360,10,True,False,-344.7,15.3,4.96,-1.59,False,0.175,0.00
0.35,1.00,0.30,0.25,360,10,False,False,344.7,15.3,4.96,1.59,False,0.175,0.00
0.35,1.00,0.30,0.25,360,10,True,False,344.7,15.3,4.96,1.59,False,0.175,0.00
0.35,1.00,0.30,0.25,-360,30,False,False,-346.3,13.7,2.24,-1.59,False,0.550,0.00
0.35,1.00,0.30,0.25,-360,30,True,False,-346.3,13.7,2.24,-1.59,False,0.550,0.00
0.35,1.00,0.30,0.25,360,30,False,False,346.3,13.7,2.24,1.58,False,0.550,0.00
0.35,1.00,0.30,0.25,360,30,True,False,346.3,13.7,2.24,1.58,False,0.550,0.00
0.35,1.00,0.30,0.25,-360,90,False,False,-296.7,66.8,5.82,-1.59,False,1.600,0.00
0.35,1.00,0.30,0.25,-360,90,True,False,-293.0,70.4,6.34,-1.59,False,1.600,0.00
0.35,1.00,0.30,0.25,360,90,False,False,296.7,66.8,5.82,1.59,False,1.600,0.00
0.35,1.00,0.30,0.25,360,90,True,False,293.0,70.4,6.34,1.59,False,1.600,0.00
0.35,1.00,0.30,0.25,-360,180,False,False,-113.5,246.5,14.84,-1.58,False,1.600,0.00
0.35,1.00,0.30,0.25,-360,180,True,False,-113.5,246.5,14.84,-1.58,False,1.600,0.00
0.35,1.00,0.30,0.25,360,180,False,False,113.5,246.5,14.84,1.58,False,1.600,0.00
0.35,1.00,0.30,0.25,360,180,True,False,113.5,246.5,14.84,1.58,False,1.600,0.00
0.35,0.65,0.30,0.25,-90,10,False,False,-69.8,20.2,8.42,-1.72,False,0.268,0.00
0.35,0.65,0.30,0.25,-90,10,True,False,-69.8,20.2,8.42,-1.72,False,0.268,0.00
0.35,0.65,0.30,0.25,90,10,False,False,69.8,20.2,8.42,1.72,False,0.268,0.00
0.35,0.65,0.30,0.25,90,10,True,False,69.8,20.2,8.42,1.72,False,0.268,0.00
0.35,0.65,0.30,0.25,-90,30,False,False,-61.9,28.1,8.64,-1.72,False,0.769,0.00
0.35,0.65,0.30,0.25,-90,30,True,False,-61.9,28.1,8.64,-1.72,False,0.769,0.00
0.35,0.65,0.30,0.25,90,30,False,False,61.9,28.1,8.64,1.73,False,0.769,0.00
0.35,0.65,0.30,0.25,90,30,True,False,61.9,28.1,8.64,1.73,False,0.769,0.00
0.35,0.65,0.30,0.25,-90,90,False,False,-18.2,71.8,11.04,-1.73,False,1.548,0.00
0.35,0.65,0.30,0.25,-90,90,True,False,-16.6,73.4,11.22,-1.73,False,1.548,0.00
0.35,0.65,0.30,0.25,90,90,False,False,18.2,71.8,11.04,1.73,False,1.548,0.00
0.35,0.65,0.30,0.25,90,90,True,False,16.6,73.4,11.22,1.73,False,1.548,0.00
0.35,0.65,0.30,0.25,-90,180,False,False,-3.4,86.6,13.06,-1.73,False,1.050,0.00
0.35,0.65,0.30,0.25,-90,180,True,False,-3.4,86.6,13.06,-1.73,False,1.050,0.00
0.35,0.65,0.30,0.25,90,180,False,False,3.4,86.6,13.06,1.73,False,1.050,0.00
0.35,0.65,0.30,0.25,90,180,True,False,3.4,86.6,13.06,1.73,False,1.050,0.00
0.35,0.65,0.30,0.25,-180,10,False,False,-159.7,20.3,8.42,-1.72,False,0.269,0.00
0.35,0.65,0.30,0.25,-180,10,True,False,-159.7,20.3,8.42,-1.72,False,0.269,0.00
0.35,0.65,0.30,0.25,180,10,False,False,159.7,20.3,8.42,1.72,False,0.269,0.00
0.35,0.65,0.30,0.25,180,10,True,False,159.7,20.3,8.42,1.72,False,0.269,0.00
0.35,0.65,0.30,0.25,-180,30,False,False,-150.0,30.0,8.88,-1.72,False,0.799,0.00
0.35,0.65,0.30,0.25,-180,30,True,False,-150.0,30.0,8.88,-1.72,False,0.799,0.00
0.35,0.65,0.30,0.25,180,30,False,False,150.0,30.0,8.88,1.72,False,0.799,0.00
0.35,0.65,0.30,0.25,180,30,True,False,150.0,30.0,8.88,1.72,False,0.799,0.00
0.35,0.65,0.30,0.25,-180,90,False,False,-73.7,106.3,13.46,-1.73,False,1.600,0.00
0.35,0.65,0.30,0.25,-180,90,True,False,-71.4,108.6,13.64,-1.73,False,1.600,0.00
0.35,0.65,0.30,0.25,180,90,False,False,73.7,106.3,13.46,1.73,False,1.600,0.00
0.35,0.65,0.30,0.25,180,90,True,False,71.4,108.6,13.64,1.73,False,1.600,0.00
0.35,0.65,0.30,0.25,-180,180,False,False,-18.3,161.7,17.66,-1.73,False,1.600,0.00
0.35,0.65,0.30,0.25,-180,180,True,False,-18.3,161.7,17.68,-1.72,False,1.600,0.00
0.35,0.65,0.30,0.25,180,180,False,False,18.3,161.7,17.66,1.73,False,1.600,0.00
0.35,0.65,0.30,0.25,180,180,True,False,18.3,161.7,17.68,1.72,False,1.600,0.00
0.35,0.65,0.30,0.25,-360,10,False,False,-339.7,20.3,8.42,-1.73,False,0.269,0.00
0.35,0.65,0.30,0.25,-360,10,True,False,-339.7,20.3,8.42,-1.73,False,0.269,0.00
0.35,0.65,0.30,0.25,360,10,False,False,339.7,20.3,8.42,1.72,False,0.269,0.00
0.35,0.65,0.30,0.25,360,10,True,False,339.7,20.3,8.42,1.72,False,0.269,0.00
0.35,0.65,0.30,0.25,-360,30,False,False,-328.5,31.5,9.08,-1.72,False,0.799,0.00
0.35,0.65,0.30,0.25,-360,30,True,False,-328.5,31.5,9.08,-1.72,False,0.799,0.00
0.35,0.65,0.30,0.25,360,30,False,False,328.5,31.5,9.08,1.72,False,0.799,0.00
0.35,0.65,0.30,0.25,360,30,True,False,328.5,31.5,9.08,1.72,False,0.799,0.00
0.35,0.65,0.30,0.25,-360,90,False,False,-192.8,167.2,18.04,-1.73,False,1.600,0.00
0.35,0.65,0.30,0.25,-360,90,True,False,-190.5,169.5,18.22,-1.73,False,1.600,0.00
0.35,0.65,0.30,0.25,360,90,False,False,192.8,167.2,18.04,1.73,False,1.600,0.00
0.35,0.65,0.30,0.25,360,90,True,False,190.5,169.5,18.22,1.73,False,1.600,0.00
0.35,0.65,0.30,0.25,-360,180,False,False,-73.8,286.2,26.90,-1.72,False,1.600,0.00
0.35,0.65,0.30,0.25,-360,180,True,False,-73.8,286.2,26.90,-1.72,False,1.600,0.00
0.35,0.65,0.30,0.25,360,180,False,False,73.8,286.2,26.90,1.73,False,1.600,0.00
0.35,0.65,0.30,0.25,360,180,True,False,73.8,286.2,26.90,1.73,False,1.600,0.00
0.35,0.45,0.30,0.25,-90,10,False,False,-64.2,25.8,12.70,-1.80,False,0.384,0.00
0.35,0.45,0.30,0.25,-90,10,True,False,-64.2,25.8,12.70,-1.80,False,0.384,0.00
0.35,0.45,0.30,0.25,90,10,False,False,64.2,25.8,12.72,1.81,False,0.384,0.00
0.35,0.45,0.30,0.25,90,10,True,False,64.2,25.8,12.72,1.81,False,0.384,0.00
0.35,0.45,0.30,0.25,-90,30,False,False,-46.9,43.1,14.22,-1.81,False,0.799,0.00
0.35,0.45,0.30,0.25,-90,30,True,False,-46.9,43.1,14.22,-1.81,False,0.799,0.00
0.35,0.45,0.30,0.25,90,30,False,False,46.9,43.1,14.22,1.81,False,0.799,0.00
0.35,0.45,0.30,0.25,90,30,True,False,46.9,43.1,14.22,1.81,False,0.799,0.00
0.35,0.45,0.30,0.25,-90,90,False,False,-12.6,77.4,17.00,-1.81,False,1.548,0.00
0.35,0.45,0.30,0.25,-90,90,True,False,-11.5,78.5,17.18,-1.81,False,1.548,0.00
0.35,0.45,0.30,0.25,90,90,False,False,12.6,77.4,17.00,1.81,False,1.548,0.00
0.35,0.45,0.30,0.25,90,90,True,False,11.5,78.5,17.18,1.81,False,1.548,0.00
0.35,0.45,0.30,0.25,-90,180,False,False,-2.3,87.7,19.02,-1.81,False,1.050,0.00
0.35,0.45,0.30,0.25,-90,180,True,False,-2.3,87.7,19.02,-1.81,False,1.050,0.00
0.35,0.45,0.30,0.25,90,180,False,False,2.3,87.7,19.02,1.81,False,1.050,0.00
0.35,0.45,0.30,0.25,90,180,True,False,2.3,87.7,19.02,1.81,False,1.050,0.00
0.35,0.45,0.30,0.25,-180,10,False,False,-154.1,25.9,12.72,-1.80,False,0.388,0.00
0.35,0.45,0.30,0.25,-180,10,True,False,-154.1,25.9,12.72,-1.80,False,0.388,0.00
0.35,0.45,0.30,0.25,180,10,False,False,154.0,26.0,12.74,1.81,False,0.388,0.00
0.35,0.45,0.30,0.25,180,10,True,False,154.0,26.0,12.74,1.81,False,0.388,0.00
0.35,0.45,0.30,0.25,-180,30,False,False,-108.7,71.3,17.34,-1.81,False,0.799,0.00
0.35,0.45,0.30,0.25,-180,30,True,False,-108.7,71.3,17.34,-1.81,False,0.799,0.00
0.35,0.45,0.30,0.25,180,30,False,False,108.7,71.3,17.34,1.81,False,0.799,0.00
0.35,0.45,0.30,0.25,180,30,True,False,108.7,71.3,17.34,1.81,False,0.799,0.00
0.35,0.45,0.30,0.25,-180,90,False,False,-51.1,128.9,22.48,-1.81,False,1.600,0.00
0.35,0.45,0.30,0.25,-180,90,True,False,-49.4,130.6,22.66,-1.81,False,1.600,0.00
0.35,0.45,0.30,0.25,180,90,False,False,51.1,128.9,22.48,1.81,False,1.600,0.00
0.35,0.45,0.30,0.25,180,90,True,False,49.4,130.6,22.66,1.81,False,1.600,0.00
0.35,0.45,0.30,0.25,-180,180,False,False,-12.6,167.4,26.70,-1.81,False,1.600,0.00
0.35,0.45,0.30,0.25,-180,180,True,False,-12.6,167.4,26.70,-1.81,False,1.600,0.00
0.35,0.45,0.30,0.25,180,180,False,False,12.6,167.4,26.70,1.81,False,1.600,0.00
0.35,0.45,0.30,0.25,180,180,True,False,12.6,167.4,26.70,1.81,False,1.600,0.00
0.35,0.45,0.30,0.25,-360,10,False,False,-334.0,26.0,12.74,-1.81,False,0.388,0.00
0.35,0.45,0.30,0.25,-360,10,True,False,-334.0,26.0,12.74,-1.81,False,0.388,0.00
0.35,0.45,0.30,0.25,360,10,False,False,334.0,26.0,12.74,1.81,False,0.388,0.00
0.35,0.45,0.30,0.25,360,10,True,False,334.0,26.0,12.74,1.81,False,0.388,0.00
0.35,0.45,0.30,0.25,-360,30,False,False,-232.3,127.7,23.60,-1.81,False,0.799,0.00
0.35,0.45,0.30,0.25,-360,30,True,False,-232.3,127.7,23.60,-1.81,False,0.799,0.00
0.35,0.45,0.30,0.25,360,30,False,False,232.3,127.7,23.60,1.81,False,0.799,0.00
0.35,0.45,0.30,0.25,360,30,True,False,232.3,127.7,23.60,1.81,False,0.799,0.00
0.35,0.45,0.30,0.25,-360,90,False,False,-133.5,226.5,33.20,-1.81,False,1.600,0.00
0.35,0.45,0.30,0.25,-360,90,True,False,-131.9,228.1,33.40,-1.81,False,1.600,0.00
0.35,0.45,0.30,0.25,360,90,False,False,133.5,226.5,33.20,1.81,False,1.600,0.00
0.35,0.45,0.30,0.25,360,90,True,False,131.9,228.1,33.38,1.81,False,1.600,0.00
0.35,0.45,0.30,0.25,-360,180,False,False,-51.1,308.9,42.08,-1.81,False,1.600,0.00
0.35,0.45,0.30,0.25,-360,180,True,False,-51.1,308.9,42.08,-1.81,False,1.600,0.00
0.35,0.45,0.30,0.25,360,180,False,False,51.1,308.9,42.08,1.81,False,1.600,0.00
0.35,0.45,0.30,0.25,360,180,True,False,51.1,308.9,42.08,1.81,False,1.600,0.00
1.20,1.00,0.30,0.25,-90,10,False,False,-75.0,15.0,4.92,-1.58,False,0.173,0.00
1.20,1.00,0.30,0.25,-90,10,True,False,-75.0,15.0,4.92,-1.58,False,0.173,0.00
1.20,1.00,0.30,0.25,90,10,False,False,75.0,15.0,4.92,1.58,False,0.173,0.00
1.20,1.00,0.30,0.25,90,10,True,False,75.0,15.0,4.92,1.58,False,0.173,0.00
1.20,1.00,0.30,0.25,-90,30,False,False,-76.3,13.7,2.20,-1.58,False,0.550,0.00
1.20,1.00,0.30,0.25,-90,30,True,False,-76.3,13.7,2.20,-1.58,False,0.550,0.00
1.20,1.00,0.30,0.25,90,30,False,False,76.3,13.7,2.20,1.58,False,0.550,0.00
1.20,1.00,0.30,0.25,90,30,True,False,76.3,13.7,2.20,1.58,False,0.550,0.00
1.20,1.00,0.30,0.25,-90,90,False,False,-28.0,62.0,5.48,-1.59,False,1.600,0.00
1.20,1.00,0.30,0.25,-90,90,True,False,-25.5,64.5,6.10,-1.58,False,1.600,0.00
1.20,1.00,0.30,0.25,90,90,False,False,28.0,62.0,5.48,1.59,False,1.600,0.00
1.20,1.00,0.30,0.25,90,90,True,False,25.5,64.5,6.10,1.58,False,1.600,0.00
1.20,1.00,0.30,0.25,-90,180,False,False,-5.2,84.8,7.38,-1.58,False,1.285,0.00
1.20,1.00,0.30,0.25,-90,180,True,False,-5.2,84.8,7.38,-1.58,False,1.285,0.00
1.20,1.00,0.30,0.25,90,180,False,False,5.2,84.8,7.38,1.58,False,1.285,0.00
1.20,1.00,0.30,0.25,90,180,True,False,5.2,84.8,7.38,1.58,False,1.285,0.00
1.20,1.00,0.30,0.25,-180,10,False,False,-164.7,15.3,4.96,-1.58,False,0.174,0.00
1.20,1.00,0.30,0.25,-180,10,True,False,-164.7,15.3,4.96,-1.58,False,0.174,0.00
1.20,1.00,0.30,0.25,180,10,False,False,164.7,15.3,4.96,1.59,False,0.174,0.00
1.20,1.00,0.30,0.25,180,10,True,False,164.7,15.3,4.96,1.59,False,0.174,0.00
1.20,1.00,0.30,0.25,-180,30,False,False,-166.3,13.7,2.22,-1.59,False,0.550,0.00
1.20,1.00,0.30,0.25,-180,30,True,False,-166.3,13.7,2.22,-1.59,False,0.550,0.00
1.20,1.00,0.30,0.25,180,30,False,False,166.3,13.7,2.22,1.59,False,0.550,0.00
1.20,1.00,0.30,0.25,180,30,True,False,166.3,13.7,2.22,1.59,False,0.550,0.00
1.20,1.00,0.30,0.25,-180,90,False,False,-113.4,66.8,5.74,-1.58,False,1.600,0.00
1.20,1.00,0.30,0.25,-180,90,True,False,-109.8,70.4,5.98,-1.59,False,1.600,0.00
1.20,1.00,0.30,0.25,180,90,False,False,113.4,66.8,5.74,1.58,False,1.600,0.00
1.20,1.00,0.30,0.25,180,90,True,False,109.8,70.4,5.98,1.59,False,1.600,0.00
1.20,1.00,0.30,0.25,-180,180,False,False,-28.1,151.9,8.12,-1.58,False,1.600,0.00
1.20,1.00,0.30,0.25,-180,180,True,False,-28.1,151.9,8.12,-1.58,False,1.600,0.00
1.20,1.00,0.30,0.25,180,180,False,False,28.1,151.9,8.12,1.58,False,1.600,0.00
1.20,1.00,0.30,0.25,180,180,True,False,28.1,151.9,8.12,1.58,False,1.600,0.00
1.20,1.00,0.30,0.25,-360,10,False,False,-344.7,15.3,4.96,-1.59,False,0.175,0.00
1.20,1.00,0.30,0.25,-360,10,True,False,-344.7,15.3,4.96,-1.59,False,0.175,0.00
1.20,1.00,0.30,0.25,360,10,False,False,344.7,15.3,4.96,1.59,False,0.175,0.00
1.20,1.00,0.30,0.25,360,10,True,False,344.7,15.3,4.96,1.59,False,0.175,0.00
1.20,1.00,0.30,0.25,-360,30,False,False,-346.3,13.7,2.24,-1.59,False,0.550,0.00
1.20,1.00,0.30,0.25,-360,30,True,False,-346.3,13.7,2.24,-1.59,False,0.550,0.00
1.20,1.00,0.30,0.25,360,30,False,False,346.3,13.7,2.24,1.58,False,0.550,0.00
1.20,1.00,0.30,0.25,360,30,True,False,346.3,13.7,2.24,1.58,False,0.550,0.00
1.20,1.00,0.30,0.25,-360,90,False,False,-296.7,66.8,4.90,-1.59,False,1.600,0.00
1.20,1.00,0.30,0.25,-360,90,True,False,-293.0,70.4,5.28,-1.58,False,1.600,0.00
1.20,1.00,0.30,0.25,360,90,False,False,296.7,66.8,4.90,1.59,False,1.600,0.00
1.20,1.00,0.30,0.25,360,90,True,False,293.0,70.4,5.28,1.58,False,1.600,0.00
1.20,1.00,0.30,0.25,-360,180,False,False,-113.5,246.5,9.40,-1.58,False,1.600,0.00
1.20,1.00,0.30,0.25,-360,180,True,False,-113.5,246.5,9.40,-1.58,False,1.600,0.00
1.20,1.00,0.30,0.25,360,180,False,False,113.5,246.5,9.40,1.58,False,1.600,0.00
1.20,1.00,0.30,0.25,360,180,True,False,113.5,246.5,9.40,1.58,False,1.600,0.00
1.20,0.65,0.30,0.25,-90,10,False,False,-69.8,20.2,8.42,-1.72,False,0.268,0.00
1.20,0.65,0.30,0.25,-90,10,True,False,-69.8,20.2,8.42,-1.72,False,0.268,0.00
1.20,0.65,0.30,0.25,90,10,False,False,69.8,20.2,8.42,1.72,False,0.268,0.00
1.20,0.65,0.30,0.25,90,10,True,False,69.8,20.2,8.42,1.72,False,0.268,0.00
1.20,0.65,0.30,0.25,-90,30,False,False,-61.9,28.1,8.64,-1.72,False,0.769,0.00
1.20,0.65,0.30,0.25,-90,30,True,False,-61.9,28.1,8.64,-1.72,False,0.769,0.00
1.20,0.65,0.30,0.25,90,30,False,False,61.9,28.1,8.64,1.73,False,0.769,0.00
1.20,0.65,0.30,0.25,90,30,True,False,61.9,28.1,8.64,1.73,False,0.769,0.00
1.20,0.65,0.30,0.25,-90,90,False,False,-18.2,71.8,10.44,-1.73,False,1.600,0.00
1.20,0.65,0.30,0.25,-90,90,True,False,-16.6,73.4,10.52,-1.72,False,1.600,0.00
1.20,0.65,0.30,0.25,90,90,False,False,18.2,71.8,10.44,1.73,False,1.600,0.00
1.20,0.65,0.30,0.25,90,90,True,False,16.6,73.4,10.52,1.72,False,1.600,0.00
1.20,0.65,0.30,0.25,-90,180,False,False,-3.4,86.6,11.10,-1.73,False,1.285,0.00
1.20,0.65,0.30,0.25,-90,180,True,False,-3.4,86.6,11.10,-1.73,False,1.285,0.00
1.20,0.65,0.30,0.25,90,180,False,False,3.4,86.6,11.10,1.73,False,1.285,0.00
1.20,0.65,0.30,0.25,90,180,True,False,3.4,86.6,11.10,1.73,False,1.285,0.00
1.20,0.65,0.30,0.25,-180,10,False,False,-159.7,20.3,8.42,-1.72,False,0.269,0.00
1.20,0.65,0.30,0.25,-180,10,True,False,-159.7,20.3,8.42,-1.72,False,0.269,0.00
1.20,0.65,0.30,0.25,180,10,False,False,159.7,20.3,8.42,1.72,False,0.269,0.00
1.20,0.65,0.30,0.25,180,10,True,False,159.7,20.3,8.42,1.72,False,0.269,0.00
1.20,0.65,0.30,0.25,-180,30,False,False,-150.1,29.9,8.86,-1.73,False,0.803,0.00
1.20,0.65,0.30,0.25,-180,30,True,False,-150.1,29.9,8.86,-1.73,False,0.803,0.00
1.20,0.65,0.30,0.25,180,30,False,False,150.1,29.9,8.86,1.73,False,0.803,0.00
1.20,0.65,0.30,0.25,180,30,True,False,150.1,29.9,8.86,1.73,False,0.803,0.00
1.20,0.65,0.30,0.25,-180,90,False,False,-73.7,106.3,11.22,-1.73,False,1.600,0.00
1.20,0.65,0.30,0.25,-180,90,True,False,-71.4,108.6,11.26,-1.73,False,1.600,0.00
1.20,0.65,0.30,0.25,180,90,False,False,73.7,106.3,11.22,1.72,False,1.600,0.00
1.20,0.65,0.30,0.25,180,90,True,False,71.4,108.6,11.26,1.73,False,1.600,0.00
1.20,0.65,0.30,0.25,-180,180,False,False,-18.3,161.7,12.50,-1.73,False,1.600,0.00
1.20,0.65,0.30,0.25,-180,180,True,False,-18.3,161.7,12.50,-1.73,False,1.600,0.00
1.20,0.65,0.30,0.25,180,180,False,False,18.3,161.7,12.50,1.73,False,1.600,0.00
1.20,0.65,0.30,0.25,180,180,True,False,18.3,161.7,12.50,1.73,False,1.600,0.00
1.20,0.65,0.30,0.25,-360,10,False,False,-339.7,20.3,8.42,-1.73,False,0.269,0.00
1.20,0.65,0.30,0.25,-360,10,True,False,-339.7,20.3,8.42,-1.73,False,0.269,0.00
1.20,0.65,0.30,0.25,360,10,False,False,339.7,20.3,8.42,1.72,False,0.269,0.00
1.20,0.65,0.30,0.25,360,10,True,False,339.7,20.3,8.42,1.72,False,0.269,0.00
1.20,0.65,0.30,0.25,-360,30,False,False,-330.0,30.0,8.88,-1.72,False,0.806,0.00
1.20,0.65,0.30,0.25,-360,30,True,False,-330.0,30.0,8.88,-1.72,False,0.806,0.00
1.20,0.65,0.30,0.25,360,30,False,False,330.0,30.0,8.88,1.72,False,0.806,0.00
1.20,0.65,0.30,0.25,360,30,True,False,330.0,30.0,8.88,1.72,False,0.806,0.00
1.20,0.65,0.30,0.25,-360,90,False,False,-192.8,167.2,12.56,-1.73,False,1.600,0.00
1.20,0.65,0.30,0.25,-360,90,True,False,-190.5,169.5,12.62,-1.72,False,1.600,0.00
1.20,0.65,0.30,0.25,360,90,False,False,192.8,167.2,12.56,1.73,False,1.600,0.00
1.20,0.65,0.30,0.25,360,90,True,False,190.5,169.5,12.62,1.72,False,1.600,0.00
1.20,0.65,0.30,0.25,-360,180,False,False,-73.8,286.2,15.20,-1.73,False,1.600,0.00
1.20,0.65,0.30,0.25,-360,180,True,False,-73.8,286.2,15.20,-1.73,False,1.600,0.00
1.20,0.65,0.30,0.25,360,180,False,False,73.8,286.2,15.20,1.73,False,1.600,0.00
1.20,0.65,0.30,0.25,360,180,True,False,73.8,286.2,15.20,1.73,False,1.600,0.00
1.20,0.45,0.30,0.25,-90,10,False,False,-64.2,25.8,12.70,-1.80,False,0.384,0.00
1.20,0.45,0.30,0.25,-90,10,True,False,-64.2,25.8,12.70,-1.80,False,0.384,0.00
1.20,0.45,0.30,0.25,90,10,False,False,64.2,25.8,12.72,1.81,False,0.384,0.00
1.20,0.45,0.30,0.25,90,10,True,False,64.2,25.8,12.72,1.81,False,0.384,0.00
1.20,0.45,0.30,0.25,-90,30,False,False,-50.5,39.5,13.58,-1.81,False,1.014,0.00
1.20,0.45,0.30,0.25,-90,30,True,False,-50.5,39.5,13.58,-1.81,False,1.014,0.00
1.20,0.45,0.30,0.25,90,30,False,False,50.5,39.5,13.58,1.81,False,1.014,0.00
1.20,0.45,0.30,0.25,90,30,True,False,50.5,39.5,13.58,1.81,False,1.014,0.00
1.20,0.45,0.30,0.25,-90,90,False,False,-12.6,77.4,15.20,-1.81,False,1.600,0.00
1.20,0.45,0.30,0.25,-90,90,True,False,-11.5,78.5,15.24,-1.81,False,1.600,0.00
1.20,0.45,0.30,0.25,90,90,False,False,12.6,77.4,15.20,1.81,False,1.600,0.00
1.20,0.45,0.30,0.25,90,90,True,False,11.5,78.5,15.24,1.81,False,1.600,0.00
1.20,0.45,0.30,0.25,-90,180,False,False,-2.3,87.7,15.80,-1.81,False,1.285,0.00
1.20,0.45,0.30,0.25,-90,180,True,False,-2.3,87.7,15.80,-1.81,False,1.285,0.00
1.20,0.45,0.30,0.25,90,180,False,False,2.3,87.7,15.80,1.81,False,1.285,0.00
1.20,0.45,0.30,0.25,90,180,True,False,2.3,87.7,15.80,1.81,False,1.285,0.00
1.20,0.45,0.30,0.25,-180,10,False,False,-154.1,25.9,12.72,-1.80,False,0.388,0.00
1.20,0.45,0.30,0.25,-180,10,True,False,-154.1,25.9,12.72,-1.80,False,0.388,0.00
1.20,0.45,0.30,0.25,180,10,False,False,154.0,26.0,12.74,1.81,False,0.388,0.00
1.20,0.45,0.30,0.25,180,10,True,False,154.0,26.0,12.74,1.81,False,0.388,0.00
1.20,0.45,0.30,0.25,-180,30,False,False,-134.2,45.8,13.96,-1.81,False,1.138,0.00
1.20,0.45,0.30,0.25,-180,30,True,False,-134.2,45.8,13.96,-1.81,False,1.138,0.00
1.20,0.45,0.30,0.25,180,30,False,False,134.2,45.8,13.96,1.81,False,1.138,0.00
1.20,0.45,0.30,0.25,180,30,True,False,134.2,45.8,13.96,1.81,False,1.138,0.00
1.20,0.45,0.30,0.25,-180,90,False,False,-51.1,128.9,16.78,-1.81,False,1.600,0.00
1.20,0.45,0.30,0.25,-180,90,True,False,-49.4,130.6,16.84,-1.81,False,1.600,0.00
1.20,0.45,0.30,0.25,180,90,False,False,51.1,128.9,16.78,1.81,False,1.600,0.00
1.20,0.45,0.30,0.25,180,90,True,False,49.4,130.6,16.82,1.81,False,1.600,0.00
1.20,0.45,0.30,0.25,-180,180,False,False,-12.6,167.4,18.08,-1.81,False,1.600,0.00
1.20,0.45,0.30,0.25,-180,180,True,False,-12.6,167.4,18.08,-1.81,False,1.600,0.00
1.20,0.45,0.30,0.25,180,180,False,False,12.6,167.4,18.08,1.81,False,1.600,0.00
1.20,0.45,0.30,0.25,180,180,True,False,12.6,167.4,18.08,1.81,False,1.600,0.00
1.20,0.45,0.30,0.25,-360,10,False,False,-334.0,26.0,12.74,-1.81,False,0.388,0.00
1.20,0.45,0.30,0.25,-360,10,True,False,-334.0,26.0,12.74,-1.81,False,0.388,0.00
1.20,0.45,0.30,0.25,360,10,False,False,334.0,26.0,12.74,1.81,False,0.388,0.00
1.20,0.45,0.30,0.25,360,10,True,False,334.0,26.0,12.74,1.81,False,0.388,0.00
1.20,0.45,0.30,0.25,-360,30,False,False,-312.9,47.1,14.02,-1.81,False,1.163,0.00
1.20,0.45,0.30,0.25,-360,30,True,False,-312.9,47.1,14.02,-1.81,False,1.163,0.00
1.20,0.45,0.30,0.25,360,30,False,False,312.9,47.1,14.02,1.81,False,1.163,0.00
1.20,0.45,0.30,0.25,360,30,True,False,312.9,47.1,14.02,1.81,False,1.163,0.00
1.20,0.45,0.30,0.25,-360,90,False,False,-133.5,226.5,19.92,-1.81,False,1.600,0.00
1.20,0.45,0.30,0.25,-360,90,True,False,-131.9,228.1,19.98,-1.81,False,1.600,0.00
1.20,0.45,0.30,0.25,360,90,False,False,133.5,226.5,19.92,1.81,False,1.600,0.00
1.20,0.45,0.30,0.25,360,90,True,False,131.9,228.1,19.98,1.81,False,1.600,0.00
1.20,0.45,0.30,0.25,-360,180,False,False,-51.1,308.9,22.56,-1.81,False,1.600,0.00
1.20,0.45,0.30,0.25,-360,180,True,False,-51.1,308.9,22.56,-1.81,False,1.600,0.00
1.20,0.45,0.30,0.25,360,180,False,False,51.1,308.9,22.56,1.81,False,1.600,0.00
1.20,0.45,0.30,0.25,360,180,True,False,51.1,308.9,22.56,1.81,False,1.600,0.00
0.15,0.65,0.30,0.25,-360,90,False,True,-192.8,167.2,31.62,-1.73,False,1.600,0.00
0.15,0.65,0.30,0.25,360,90,False,True,192.8,167.2,31.62,1.73,False,1.600,0.00
0.35,0.65,0.30,0.25,-360,90,False,True,-192.8,167.2,19.44,-1.73,False,1.600,0.00
0.35,0.65,0.30,0.25,360,90,False,True,192.8,167.2,19.44,1.73,False,1.600,0.00
1.20,0.65,0.30,0.25,-360,90,False,True,-192.8,167.2,14.20,-1.73,False,1.600,0.00
1.20,0.65,0.30,0.25,360,90,False,True,192.8,167.2,14.20,1.73,False,1.600,0.00
1.20,1.00,0.45,0.40,-360,90,False,False,-282.9,79.4,4.38,1.32,False,1.600,2.77
1.20,1.00,0.45,0.40,-360,90,True,False,-279.3,82.9,2.66,1.17,False,1.600,1.17
1.20,1.00,0.45,0.40,-180,90,False,False,-100.8,79.2,2.66,1.18,False,1.600,1.18
1.20,1.00,0.45,0.40,-180,90,True,False,-97.2,82.8,2.70,-0.02,False,1.600,0.00
1.20,1.00,0.45,0.40,180,90,False,False,100.8,79.2,2.66,-1.18,False,1.600,1.18
1.20,1.00,0.45,0.40,180,90,True,False,97.2,82.8,2.70,0.02,False,1.600,0.00
1.20,1.00,0.45,0.40,360,90,False,False,282.9,79.4,4.38,-1.32,False,1.600,2.77
1.20,1.00,0.45,0.40,360,90,True,False,279.3,82.9,2.66,-1.17,False,1.600,1.17
1.20,0.65,0.45,0.40,-360,90,False,False,-183.9,176.1,10.94,-1.56,False,1.600,0.00
1.20,0.65,0.45,0.40,-360,90,True,False,-181.5,178.5,11.00,-1.55,False,1.600,0.00
1.20,0.65,0.45,0.40,-180,90,False,False,-65.5,114.5,9.60,-1.55,False,1.600,0.00
1.20,0.65,0.45,0.40,-180,90,True,False,-63.2,116.8,9.66,-1.55,False,1.600,0.00
1.20,0.65,0.45,0.40,180,90,False,False,65.5,114.5,9.60,1.55,False,1.600,0.00
1.20,0.65,0.45,0.40,180,90,True,False,63.2,116.8,9.66,1.55,False,1.600,0.00
1.20,0.65,0.45,0.40,360,90,False,False,183.9,176.1,10.94,1.55,False,1.600,0.00
1.20,0.65,0.45,0.40,360,90,True,False,181.5,178.5,11.00,1.55,False,1.600,0.00
1.20,0.45,0.45,0.40,-360,90,False,False,-127.3,232.7,18.46,-1.70,False,1.600,0.00
1.20,0.45,0.45,0.40,-360,90,True,False,-125.7,234.3,18.52,-1.70,False,1.600,0.00
1.20,0.45,0.45,0.40,-180,90,False,False,-45.3,134.7,15.32,-1.69,False,1.600,0.00
1.20,0.45,0.45,0.40,-180,90,True,False,-43.8,136.2,15.38,-1.69,False,1.600,0.00
1.20,0.45,0.45,0.40,180,90,False,False,45.3,134.7,15.32,1.69,False,1.600,0.00
1.20,0.45,0.45,0.40,180,90,True,False,43.8,136.2,15.38,1.69,False,1.600,0.00
1.20,0.45,0.45,0.40,360,90,False,False,127.3,232.7,18.46,1.70,False,1.600,0.00
1.20,0.45,0.45,0.40,360,90,True,False,125.7,234.3,18.52,1.69,False,1.600,0.00
